{
  "Total" : {
    "transaction" : "Total",
    "sampleCount" : 60,
    "errorCount" : 0,
    "errorPct" : 0.0,
    "meanResTime" : 284.7166666666666,
    "medianResTime" : 139.5,
    "minResTime" : 135.0,
    "maxResTime" : 625.0,
    "pct1ResTime" : 580.7,
    "pct2ResTime" : 584.95,
    "pct3ResTime" : 625.0,
    "throughput" : 5.790946819805038,
    "receivedKBytesPerSec" : 48.668836260978665,
    "sentKBytesPerSec" : 0.8124668227005115
  },
  "Create New Product" : {
    "transaction" : "Create New Product",
    "sampleCount" : 20,
    "errorCount" : 0,
    "errorPct" : 0.0,
    "meanResTime" : 138.4,
    "medianResTime" : 138.5,
    "minResTime" : 136.0,
    "maxResTime" : 142.0,
    "pct1ResTime" : 140.0,
    "pct2ResTime" : 141.9,
    "pct3ResTime" : 142.0,
    "throughput" : 2.085288291106245,
    "receivedKBytesPerSec" : 17.52538186841831,
    "sentKBytesPerSec" : 0.3115713950578668
  },
  "Developer" : {
    "transaction" : "Developer",
    "sampleCount" : 20,
    "errorCount" : 0,
    "errorPct" : 0.0,
    "meanResTime" : 577.5,
    "medianResTime" : 575.5,
    "minResTime" : 562.0,
    "maxResTime" : 625.0,
    "pct1ResTime" : 586.8,
    "pct2ResTime" : 623.1,
    "pct3ResTime" : 625.0,
    "throughput" : 1.9845207382417147,
    "receivedKBytesPerSec" : 16.678501438777538,
    "sentKBytesPerSec" : 0.24225106667989682
  },
  "Get Pack Type Info" : {
    "transaction" : "Get Pack Type Info",
    "sampleCount" : 20,
    "errorCount" : 0,
    "errorPct" : 0.0,
    "meanResTime" : 138.25,
    "medianResTime" : 138.0,
    "minResTime" : 135.0,
    "maxResTime" : 141.0,
    "pct1ResTime" : 141.0,
    "pct2ResTime" : 141.0,
    "pct3ResTime" : 141.0,
    "throughput" : 2.0859407592824364,
    "receivedKBytesPerSec" : 17.530865404672507,
    "sentKBytesPerSec" : 0.3116688829787234
  }
}